Refractive Index,Sodium,Magnesium,Aluminum,Silicon,Potassium,Calcium,Barium,Iron,Glass Type
1.5749,13.89,1.04,2.67,74.57,0.56,10.21,2.52,0.14,Window
1.6901,12.79,0.13,1.95,72.38,5.46,14.76,0.99,0.57,Window
1.6464,12.12,0.91,1.6,68.53,4.02,6.26,2.82,0.19,Container
1.6197,14.53,2.92,2.31,67.97,4.98,5.17,1.71,0.28,Container
1.5312,10.56,2.11,1.72,68.5,5.27,12.7,1.77,0.22,Container
1.5312,12.46,4.46,2.68,72.75,3.43,13.07,2.6,0.18,Window
1.5116,10.06,4.09,2.75,71.61,3.1,6.2,3.75,0.83,Container
1.6732,12.34,1.71,1.55,66.85,2.58,7.66,0.26,0.29,Container
1.6202,10.28,1.3,1.19,66.74,1.9,5.18,3.3,0.93,Container
1.6416,10.59,1.9,1.98,65.98,2.61,7.93,1.17,0.97,Container
1.5041,10.59,2.95,2.78,71.6,4.64,12.73,1.78,0.57,Container
1.694,13.25,1.34,1.03,72.64,3.61,10.18,0.09,0.14,Window
1.6665,13.73,3.12,2.06,67.65,5.36,8.48,1.2,0.37,Container
1.5425,12.92,2.05,2.08,65.21,2.66,8.72,2.01,0.8,Container
1.5364,14.81,2.76,2.33,65.82,3.64,5.01,0.22,0.37,Container
1.5367,11.87,2.18,0.83,74.68,3.79,8.0,1.96,0.09,Container
1.5608,11.43,1.47,2.29,67.95,3.55,11.46,3.71,0.56,Container
1.605,14.34,4.74,2.77,72.69,4.22,14.74,0.42,0.85,Window
1.5864,11.12,3.82,0.95,71.25,1.42,13.47,3.06,0.8,Container
1.5582,14.82,0.7,1.09,68.82,3.07,5.24,1.64,0.18,Container
1.6224,10.06,4.34,2.93,67.06,0.63,13.99,2.62,0.67,Container
1.5279,14.85,2.44,0.95,66.21,2.31,12.83,1.04,0.22,Window
1.5584,10.22,4.47,2.64,71.15,2.93,12.8,0.64,0.22,Container
1.5733,14.46,4.0,1.73,72.75,3.91,9.58,0.64,0.87,Container
1.5912,12.64,2.13,1.12,71.44,5.7,8.98,0.28,0.25,Container
1.657,14.96,0.11,2.68,70.3,3.6,8.03,0.74,0.26,Container
1.5399,10.37,1.34,1.61,65.42,4.46,5.66,2.66,0.0,Container
1.6028,12.77,2.71,1.79,74.68,3.04,7.28,3.53,0.87,Container
1.6185,14.85,3.17,1.4,72.99,3.8,7.47,3.26,0.79,Container
1.5093,12.62,1.29,1.98,67.93,0.43,9.84,2.74,0.63,Container
1.6215,13.15,0.7,0.91,74.8,1.53,12.47,0.44,0.75,Window
1.5341,13.48,4.17,1.48,71.02,2.17,9.74,1.16,0.15,Container
1.513,12.27,4.92,2.92,70.82,2.83,5.58,1.24,0.46,Container
1.6898,13.14,2.63,1.15,72.48,0.27,14.58,1.0,0.35,Window
1.6931,12.92,0.86,2.14,73.12,0.84,14.43,2.06,0.09,Window
1.6617,14.51,1.36,1.31,71.56,1.66,12.85,2.14,0.49,Window
1.5609,10.23,0.09,2.43,66.28,5.83,14.91,1.43,0.92,Container
1.5195,11.4,4.57,0.83,68.38,1.99,10.44,1.42,0.04,Container
1.6368,14.75,0.59,2.92,74.28,2.89,14.63,3.31,0.29,Window
1.588,14.45,2.88,1.63,67.25,1.18,5.76,3.16,0.21,Container
1.5244,12.28,1.37,1.09,68.72,3.66,8.66,1.23,0.24,Container
1.599,13.1,2.77,0.68,69.32,1.68,7.25,3.66,0.91,Container
1.5069,11.39,3.26,0.92,69.39,1.24,6.96,3.81,0.47,Container
1.6819,10.94,4.15,1.8,71.13,3.1,6.41,1.31,0.47,Container
1.5518,12.32,1.03,1.34,74.43,0.03,11.22,1.42,0.76,Window
1.6325,11.77,0.05,2.57,67.41,0.05,12.81,2.02,0.15,Container
1.5623,12.92,0.68,1.58,66.22,1.31,10.78,3.76,0.49,Window
1.604,10.39,4.5,1.12,66.97,0.22,6.47,3.51,0.43,Container
1.6093,14.87,4.37,2.04,73.87,0.65,13.11,0.41,0.6,Window
1.537,14.93,2.99,2.27,71.46,2.03,11.36,1.57,1.0,Window
1.6939,13.49,3.0,0.92,67.86,4.82,8.88,2.21,0.77,Container
1.655,12.68,3.33,0.92,73.16,3.43,11.74,2.01,0.4,Window
1.6879,11.55,0.88,0.59,73.61,3.08,7.6,0.78,0.83,Container
1.679,14.07,4.57,2.34,73.47,1.76,8.45,3.44,0.17,Container
1.6196,13.42,2.09,2.16,74.19,5.59,14.17,2.71,0.03,Window
1.6844,10.81,1.92,1.69,67.52,2.38,7.91,3.35,0.2,Container
1.5177,14.55,2.59,2.61,72.55,0.52,9.7,3.44,0.34,Container
1.5392,14.11,0.23,2.51,69.61,3.7,13.9,2.99,0.51,Window
1.509,14.75,0.83,1.96,73.42,0.68,12.08,1.76,0.62,Window
1.5651,13.63,3.69,2.67,72.28,2.07,5.62,2.44,0.91,Container
1.5777,13.07,0.41,1.01,72.76,3.04,6.47,0.64,0.51,Container
1.5543,12.09,3.02,0.78,71.56,5.25,5.08,2.69,0.5,Container
1.6657,14.66,1.23,1.17,66.77,2.96,11.31,0.72,0.05,Window
1.5714,14.33,1.95,0.64,70.45,4.21,9.48,2.78,0.03,Container
1.5562,10.23,1.44,1.83,74.85,5.96,6.34,0.92,0.55,Container
1.6085,10.13,1.78,2.84,74.37,0.79,14.58,0.47,0.44,Container
1.5282,11.88,3.6,0.6,65.43,1.65,10.3,0.66,0.84,Container
1.6604,14.05,1.49,0.81,66.65,2.37,7.42,0.01,0.16,Container
1.5149,14.94,2.83,1.63,66.32,2.53,10.01,2.87,0.02,Window
1.6974,10.75,2.38,2.83,72.26,2.47,11.8,2.93,0.45,Container
1.6544,12.97,3.32,1.29,73.18,5.45,5.76,2.06,0.24,Container
1.5397,11.9,4.68,1.77,67.14,4.28,7.75,0.65,0.05,Container
1.5011,14.85,3.66,0.6,70.06,3.65,13.07,0.33,0.72,Window
1.6631,14.21,1.07,0.87,73.41,1.86,9.6,0.08,0.11,Container
1.6414,14.19,0.16,2.97,72.33,4.94,10.47,0.66,0.61,Window
1.6458,12.34,1.31,2.91,70.42,5.73,9.33,3.56,0.28,Container
1.6543,12.07,2.98,0.51,70.9,4.93,5.44,0.97,0.17,Container
1.5148,11.37,0.26,2.88,70.08,0.01,6.66,1.42,0.38,Container
1.5717,10.28,2.48,2.1,67.98,3.82,9.46,0.42,0.8,Container
1.5232,14.32,2.98,2.67,70.65,0.31,7.09,0.89,0.39,Container
1.6726,14.06,1.67,1.64,71.89,1.55,5.5,2.08,0.75,Container
1.6247,15.0,3.85,1.79,73.73,0.36,13.44,2.43,0.13,Window
1.5662,14.98,0.53,1.72,71.36,3.62,14.81,0.98,0.77,Window
1.5127,12.78,0.38,2.17,72.61,4.12,12.93,0.23,0.24,Window
1.5622,13.84,3.64,0.85,66.6,0.69,13.54,1.56,0.68,Window
1.565,14.72,2.48,0.57,69.62,2.3,7.42,0.94,0.57,Container
1.6459,14.25,3.44,1.27,65.09,2.74,14.61,0.88,0.93,Window
1.6275,11.24,2.17,2.26,67.47,2.21,6.97,3.84,0.39,Container
1.6774,12.25,1.23,1.0,72.26,0.73,14.51,2.47,0.07,Window
1.5944,10.65,4.1,2.18,74.92,2.51,14.95,2.23,0.02,Container
1.5239,14.77,4.0,2.92,65.99,4.51,12.12,1.66,0.83,Window
1.6426,13.03,3.47,0.73,69.01,0.43,14.81,1.72,0.52,Window
1.6522,11.14,1.36,2.18,73.0,0.48,10.7,2.16,0.78,Container
1.6123,13.36,2.95,1.61,67.04,2.13,7.6,2.79,0.23,Container
1.6542,13.09,1.8,2.67,70.55,5.65,9.37,2.81,0.35,Container
1.5988,11.79,0.46,0.94,72.33,4.01,10.94,0.69,0.03,Container
1.6045,10.57,4.59,2.23,71.16,4.07,5.73,2.0,0.96,Container
1.5855,13.36,0.68,2.6,66.88,2.17,11.22,1.65,0.67,Window
1.5051,12.6,4.75,2.86,68.55,3.56,14.81,3.48,0.93,Window
1.5216,13.86,2.23,2.21,72.84,0.06,6.9,2.53,0.27,Container
1.5063,12.6,0.93,1.74,70.54,3.82,12.93,2.13,0.61,Window
1.6273,14.26,2.71,2.04,65.05,5.48,14.08,0.46,0.68,Window
1.5629,12.76,4.36,2.67,72.61,3.68,14.44,2.42,0.32,Window
1.6017,12.8,3.66,1.93,65.35,5.24,14.6,0.47,0.85,Window
1.6815,14.38,4.03,0.58,72.46,4.34,10.21,1.35,0.95,Window
1.5499,12.02,3.29,2.83,67.02,0.72,14.77,0.57,0.88,Window
1.5821,10.67,3.46,2.22,74.58,5.41,12.57,2.77,0.74,Container
1.6511,10.14,4.25,2.19,68.68,0.4,6.62,0.83,0.28,Container
1.5458,13.78,1.25,1.04,68.27,3.2,9.77,1.57,0.28,Container
1.5154,13.1,2.45,2.15,66.49,0.85,12.18,3.58,0.96,Window
1.558,13.52,1.11,1.48,68.06,0.07,7.47,0.82,0.01,Container
1.5322,11.06,4.94,2.13,73.77,2.53,11.41,2.03,0.72,Container
1.6859,10.68,4.72,0.77,74.96,1.77,11.67,1.68,0.71,Container
1.6616,10.07,0.2,2.14,68.68,2.92,6.63,0.07,0.62,Container
1.6267,11.75,3.53,3.0,69.49,3.46,10.65,3.17,0.99,Container
1.6743,12.95,4.63,0.62,72.22,0.26,12.72,0.28,0.31,Window
1.6607,11.96,0.9,2.94,73.86,0.74,9.99,1.9,0.34,Container
1.5373,12.19,2.84,1.52,70.93,3.35,5.12,2.24,0.08,Container
1.6785,14.52,4.58,2.68,68.92,2.06,5.09,2.51,0.44,Container
1.6079,11.74,0.17,2.46,69.13,4.38,8.57,2.75,0.26,Container
1.6615,12.57,3.49,1.92,71.96,3.91,14.26,1.01,0.34,Window
1.6792,13.92,1.49,2.35,65.03,5.07,7.29,0.04,0.83,Container
1.5636,11.98,4.62,2.7,71.2,4.15,11.34,2.89,0.94,Container
1.522,13.11,4.86,1.51,68.55,2.58,7.22,2.14,0.19,Container
1.5456,14.31,4.72,1.32,72.94,4.04,8.22,3.34,0.37,Container
1.5854,14.75,2.37,2.17,65.93,1.65,13.48,3.29,0.93,Window
1.6636,10.74,4.31,2.52,70.88,1.84,12.29,3.37,0.06,Container
1.6721,14.63,4.22,2.41,69.81,4.73,5.95,1.94,0.09,Container
1.5014,12.46,1.6,2.49,71.42,2.68,9.29,1.33,0.16,Container
1.6021,11.29,4.14,1.59,65.65,4.79,5.29,3.17,0.6,Container
1.5835,12.3,0.19,2.54,70.8,4.93,9.81,1.81,0.15,Container
1.5444,14.9,2.98,0.8,70.61,5.15,11.62,0.73,0.97,Window
1.524,12.46,1.15,1.86,70.61,5.5,6.19,3.42,0.45,Container
1.5675,11.64,0.6,0.51,71.03,2.59,7.89,3.53,0.5,Container
1.6886,13.17,0.38,1.31,71.76,1.91,8.98,1.87,0.25,Container
1.5646,11.2,3.48,1.42,73.05,3.49,14.2,0.3,0.47,Container
1.6038,10.38,1.7,1.49,67.7,2.23,14.93,1.55,0.66,Container
1.6406,10.64,3.62,2.24,73.25,3.61,5.45,3.21,0.75,Container
1.5727,10.64,0.33,1.47,69.98,4.23,12.61,3.61,0.75,Container
1.6944,10.76,1.58,1.62,65.77,4.13,8.72,0.81,0.58,Container
1.6925,10.69,2.7,1.09,65.59,2.25,8.92,0.27,0.9,Container
1.5504,13.2,3.95,1.43,68.34,1.0,12.54,3.51,0.82,Window
1.5994,10.91,1.59,1.07,72.85,2.58,14.18,1.56,0.76,Container
1.5602,11.73,3.13,0.68,72.08,0.86,14.51,2.17,0.06,Container
1.557,14.48,4.43,2.01,72.89,5.34,10.77,3.87,0.01,Window
1.5074,12.37,3.08,2.17,70.17,2.08,8.57,0.27,0.21,Container
1.6219,13.34,1.16,2.05,69.4,0.93,12.88,2.59,0.66,Window
1.6005,10.86,0.12,1.66,66.47,0.15,7.51,0.3,0.41,Container
1.5103,10.96,4.35,1.45,68.28,3.87,10.64,1.5,0.4,Container
1.5557,10.2,0.11,2.66,69.34,3.82,8.59,3.22,0.88,Container
1.6817,10.84,4.37,1.8,65.89,2.04,11.57,1.73,0.9,Container
1.5479,11.39,2.64,1.7,67.21,0.43,7.4,3.99,0.91,Container
1.529,10.89,4.7,0.56,70.98,2.46,6.92,2.24,0.31,Container
1.5979,10.44,3.99,1.35,72.36,1.87,14.18,1.28,0.69,Container
1.6971,10.6,4.99,1.45,74.98,4.06,6.02,0.88,0.27,Container
1.5484,12.3,1.75,1.5,74.33,3.63,10.06,1.4,0.19,Window
1.6344,11.03,3.84,1.95,71.43,2.19,7.21,1.49,0.18,Container
1.6523,11.82,2.01,1.83,69.21,1.31,5.39,0.27,0.34,Container
1.5475,12.52,2.4,2.02,71.36,5.93,5.36,1.48,0.43,Container
1.6456,13.45,3.14,2.41,72.86,2.72,6.75,1.86,0.83,Container
1.5736,10.2,4.37,2.53,66.18,4.13,13.67,2.89,0.12,Container
1.6265,14.0,4.92,2.3,69.1,0.84,7.82,2.63,0.73,Container
1.6267,13.14,3.84,2.89,73.4,2.91,14.5,2.84,0.53,Window
1.6072,10.41,2.09,0.55,68.84,0.17,10.82,0.03,0.29,Container
1.5181,14.37,2.11,0.99,70.72,3.03,9.37,0.87,0.49,Container
1.6671,14.6,3.69,0.52,70.88,5.78,10.8,2.65,0.3,Window
1.5642,10.31,1.19,2.12,66.84,2.31,10.17,1.94,0.6,Container
1.5373,11.38,0.55,2.75,68.62,0.23,12.59,0.02,0.43,Container
1.5082,14.03,1.77,1.11,68.35,0.19,7.82,3.22,0.16,Container
1.6182,13.74,1.44,2.82,65.26,2.33,8.53,3.09,0.12,Container
1.6355,10.92,1.48,0.65,65.24,0.96,13.94,2.19,0.55,Container
1.5033,11.05,1.17,2.84,73.32,0.14,14.46,0.27,0.9,Container
1.6024,11.85,0.21,1.38,67.73,4.54,13.93,3.07,0.34,Container
1.5453,12.42,0.09,0.75,70.18,2.75,9.19,2.33,0.73,Container
1.629,13.09,4.94,1.71,67.99,1.74,12.8,3.13,0.66,Window
1.5349,11.84,2.14,1.14,74.41,5.4,9.76,3.01,0.93,Container
1.6382,12.31,1.92,1.21,67.59,0.7,9.98,3.21,0.82,Container
1.5773,13.74,3.4,1.27,69.3,5.74,7.05,2.07,0.57,Container
1.6873,10.18,1.09,2.51,73.73,1.88,10.91,0.56,0.66,Container
1.5275,11.26,4.75,1.85,73.42,5.33,6.86,2.68,0.9,Container
1.5682,13.57,3.93,1.28,66.86,3.62,8.32,2.48,0.4,Container
1.5227,14.48,0.45,2.03,73.03,4.96,13.55,2.97,0.33,Window
1.6849,12.56,2.09,2.29,69.58,5.9,7.07,0.68,0.01,Container
1.6755,12.66,4.4,1.18,69.83,1.73,5.71,0.78,0.83,Container
1.5516,10.54,4.72,1.53,66.33,5.77,5.69,3.56,0.8,Container
1.632,12.24,2.34,0.8,65.81,2.34,14.41,3.0,0.1,Window
1.6634,12.66,3.07,0.95,72.28,2.31,10.07,3.63,0.58,Window
1.611,11.21,0.84,2.2,69.96,2.04,9.09,3.03,0.46,Container
1.6059,11.35,4.96,0.95,69.37,3.25,13.11,2.39,0.12,Container
1.5484,11.89,1.16,1.81,72.3,0.92,13.36,2.62,0.98,Container
1.5186,10.1,4.71,2.27,72.66,3.32,8.32,3.56,0.21,Container
1.6794,11.61,3.25,0.77,66.59,3.25,11.94,2.32,0.07,Container
1.6801,11.06,3.04,1.92,71.1,4.57,12.71,2.53,0.59,Container
1.6266,11.64,2.56,1.14,66.35,5.0,11.55,0.63,0.74,Container
1.5678,10.6,1.15,2.91,72.51,2.64,6.52,1.9,0.03,Container
1.5698,14.45,0.88,1.71,71.57,1.81,13.76,2.87,0.66,Window
1.6452,12.97,1.1,2.51,74.57,1.56,10.39,1.08,0.53,Window
1.6794,13.4,0.93,1.88,65.69,1.17,7.82,0.81,0.1,Container
1.6774,13.95,3.9,0.61,65.57,0.35,9.25,1.26,0.17,Container
1.656,12.49,1.75,2.08,67.82,2.05,5.38,0.97,0.57,Container
1.6284,10.43,0.29,2.88,67.62,1.62,6.28,0.86,0.3,Container
1.5168,12.69,4.85,2.0,67.47,5.8,12.66,1.7,0.94,Window
1.5323,12.93,4.42,2.55,74.06,3.35,5.0,3.63,0.82,Container
1.6797,13.73,4.64,2.71,67.5,2.08,9.17,2.03,0.98,Container
1.6213,12.16,4.97,1.07,67.72,3.48,10.23,0.75,0.26,Window
1.5018,10.64,0.87,1.03,72.59,0.84,5.55,0.31,0.97,Container
1.5203,11.42,1.98,2.03,69.5,2.66,14.73,2.78,0.43,Container
1.6327,11.82,3.79,1.53,72.77,3.76,7.26,1.53,0.35,Container
1.501,13.23,3.48,2.6,65.65,2.93,8.04,3.29,0.05,Container
1.5322,12.85,0.77,2.75,69.88,2.41,8.04,2.64,0.05,Container
1.6097,11.78,4.08,1.38,65.34,5.96,7.3,3.18,0.69,Container
1.6384,14.93,1.12,1.09,65.63,5.28,5.01,1.09,0.46,Container
1.6304,13.03,1.12,2.45,74.06,3.74,12.29,2.77,0.23,Window
1.5449,11.19,2.68,1.19,66.39,3.42,14.67,1.06,0.61,Container
1.6424,10.51,2.96,2.56,70.32,3.72,7.24,3.76,0.25,Container
1.5474,10.76,2.9,1.56,69.11,1.21,11.63,2.55,0.58,Container
1.5651,11.23,0.46,2.17,68.47,2.37,12.42,1.3,0.36,Container
1.6493,10.8,4.39,0.74,74.0,0.24,13.48,1.08,0.82,Container
1.6299,10.93,1.33,2.06,65.22,2.85,9.23,0.76,0.82,Container
1.6698,11.43,0.65,1.63,71.64,3.26,8.03,2.78,0.48,Container
1.6315,10.87,4.44,1.97,74.63,1.37,8.25,0.87,0.35,Container
1.6137,14.48,4.78,0.92,70.6,5.78,12.13,2.38,0.36,Window
1.5187,10.4,4.31,2.34,74.37,5.46,13.17,1.06,0.81,Container
1.5735,12.62,4.05,2.66,65.52,4.33,6.82,2.65,0.33,Container
1.553,12.05,3.28,1.04,69.19,3.2,8.71,3.26,0.21,Container
1.5488,14.91,2.75,0.74,67.6,5.22,14.02,3.11,0.08,Window
1.6946,10.56,0.43,0.56,72.31,0.78,13.07,3.04,0.47,Container
1.5786,11.99,2.04,2.1,74.81,4.74,14.85,0.75,0.48,Container
1.6784,14.85,1.86,2.02,67.57,0.75,12.54,0.35,0.84,Window
1.6262,14.33,1.3,1.87,71.54,4.77,8.93,2.8,0.22,Container
1.659,14.09,3.62,1.08,66.98,1.65,10.91,1.47,0.38,Window
1.6005,11.29,2.48,1.48,70.65,5.26,11.61,1.73,0.81,Container
1.6154,10.85,0.41,1.99,69.64,5.66,5.78,0.12,0.82,Container
1.5985,13.34,1.1,1.74,74.72,0.89,10.44,1.04,0.38,Window
1.539,14.65,3.42,2.97,71.09,2.78,12.09,0.13,0.46,Window
1.6445,12.78,0.38,0.84,68.5,5.89,6.67,3.52,0.3,Container
1.5562,12.86,4.26,2.24,66.14,2.9,12.81,0.97,0.93,Window
1.5049,11.4,2.48,1.51,66.51,5.18,10.84,2.23,0.12,Container
1.6291,13.85,2.4,1.57,67.25,3.53,14.52,0.16,0.93,Window
1.5354,10.94,2.96,2.29,67.51,2.25,5.42,2.67,0.68,Container
1.6881,11.62,4.12,2.23,73.51,1.71,7.65,1.29,0.53,Container
1.6908,12.13,1.74,2.98,70.61,1.22,11.02,3.59,0.03,Window
1.683,12.54,3.39,0.82,70.23,4.57,7.97,3.55,0.48,Container
1.574,11.21,2.83,0.76,66.15,2.32,12.14,1.3,0.41,Container
1.5031,10.57,1.34,2.31,73.6,3.07,12.59,3.6,0.16,Container
1.6857,13.05,4.39,1.95,72.23,2.95,6.03,3.98,0.66,Container
1.5856,11.44,3.99,1.19,65.68,3.46,10.14,3.3,0.97,Container
1.6933,12.91,3.29,0.7,72.08,5.19,10.09,3.38,0.56,Window
1.6927,10.77,4.25,0.71,70.44,5.88,8.69,1.0,0.71,Container
1.6706,12.41,4.34,2.74,65.82,2.45,14.33,2.31,0.07,Window
1.5589,12.66,3.54,0.98,69.58,4.97,13.28,0.27,0.42,Window
1.577,10.26,4.19,1.31,69.85,4.59,11.97,0.38,0.12,Container
1.6702,11.68,3.49,1.07,66.66,3.44,12.14,4.0,0.61,Container
1.5634,10.67,3.4,1.39,74.46,5.74,9.62,1.31,0.94,Container
1.5339,10.32,3.09,0.67,73.5,1.2,14.21,2.99,0.66,Container
1.6114,14.95,3.76,1.8,71.69,0.66,11.95,3.23,0.08,Window
1.6872,11.61,0.79,0.67,69.62,5.12,12.29,3.43,0.35,Container
1.6392,14.05,4.4,2.5,69.12,2.63,13.62,3.99,0.55,Window
1.614,11.27,4.36,1.08,71.51,5.08,7.74,0.97,0.4,Container
1.5194,13.41,0.15,1.85,70.45,5.36,13.07,0.16,0.83,Window
1.623,13.8,4.13,2.7,65.62,0.37,6.95,1.64,0.81,Container
1.698,12.98,0.64,2.13,70.13,5.3,8.45,0.52,0.61,Container
1.528,12.36,1.68,1.83,73.06,2.69,8.36,0.09,0.37,Container
1.6037,12.06,3.72,1.31,69.59,3.06,14.79,1.44,0.26,Window
1.6755,11.74,0.8,1.33,65.52,3.76,13.57,3.13,0.11,Container
1.6482,14.65,4.09,2.17,72.86,5.56,12.01,2.26,0.35,Window
1.6394,14.15,4.16,2.99,67.01,0.11,12.27,1.25,0.41,Window
1.6405,14.83,2.54,2.15,67.59,2.86,10.62,2.62,0.68,Window
1.5719,10.62,0.03,1.89,66.65,4.13,14.47,0.93,0.66,Container
1.5587,13.65,1.44,2.33,68.3,4.34,9.96,0.06,0.07,Container
1.6619,14.69,3.08,1.66,72.57,4.16,8.81,3.06,0.4,Container
1.662,10.91,4.91,0.65,70.19,0.81,6.63,2.49,0.18,Container
1.6734,10.33,3.16,1.91,67.05,1.8,12.86,3.05,0.16,Container
1.6826,13.71,1.3,2.89,73.78,2.15,12.34,0.16,0.83,Window
1.6023,12.87,3.17,0.94,73.8,4.83,8.84,3.35,0.04,Container
1.6003,14.21,2.7,2.23,73.71,1.67,5.25,2.48,0.42,Container
1.6597,10.7,3.9,1.0,67.39,1.26,13.39,2.25,0.17,Container
1.63,13.98,0.53,1.84,69.51,5.74,5.11,2.5,0.88,Container
1.6404,11.01,3.81,0.74,74.85,0.05,12.04,3.46,0.56,Container
1.6592,10.82,2.71,1.63,72.72,5.99,14.7,2.35,0.23,Container
1.678,10.82,4.81,2.39,65.27,4.06,9.38,2.32,0.5,Container
1.5676,14.07,1.71,1.37,65.65,4.97,7.35,3.96,0.73,Container
1.5751,13.33,3.16,2.16,69.64,1.77,12.05,3.03,0.96,Window
1.5188,12.62,4.66,2.49,74.09,0.09,13.17,1.77,0.22,Window
1.6157,11.79,0.51,2.82,70.39,4.43,10.46,2.83,0.89,Container
1.5072,14.39,4.69,1.09,69.98,5.0,14.67,1.56,0.93,Window
1.5931,11.96,3.44,1.5,66.05,4.44,5.52,0.92,0.92,Container
1.6085,14.08,0.34,0.88,71.57,0.86,10.05,2.39,0.64,Window
1.5573,12.2,1.5,2.98,73.22,4.52,12.18,3.71,0.63,Window
1.6182,11.88,3.54,2.82,68.8,4.61,13.63,3.72,0.4,Container
1.5061,12.31,0.34,1.85,72.76,3.95,6.79,1.37,0.75,Container
1.5075,11.51,2.91,2.61,74.64,4.6,13.0,2.11,0.53,Container
1.6645,13.74,1.73,1.8,67.04,5.08,10.53,0.85,0.68,Window
1.572,12.51,3.1,2.06,70.23,3.68,8.97,3.98,0.43,Container
1.5254,11.16,0.23,0.72,67.87,0.53,6.32,3.92,0.73,Container
1.6044,14.5,4.36,2.39,72.93,2.93,13.65,2.6,0.82,Window
1.654,11.92,4.87,0.82,70.78,0.47,6.57,3.22,0.15,Container
1.5432,12.72,4.84,2.57,71.35,2.45,8.1,2.86,0.83,Container
1.6246,14.53,3.75,2.46,72.98,2.44,7.9,2.37,0.54,Container
1.5171,13.12,0.65,2.27,68.96,0.4,13.71,0.21,0.84,Window
1.5103,10.58,3.79,0.59,74.15,2.09,11.73,1.82,0.43,Container
1.6063,14.7,0.12,1.26,70.33,0.67,12.97,2.7,0.38,Window
1.6081,13.14,0.11,1.16,66.58,4.85,7.5,2.71,0.92,Container
1.6275,11.67,1.62,1.4,71.96,5.69,11.25,1.49,0.25,Container
1.6452,10.7,2.44,0.72,72.93,0.43,10.72,3.77,0.84,Container
1.6952,13.97,3.85,2.84,68.17,5.73,13.33,0.67,0.48,Window
1.6033,13.1,3.42,1.88,73.57,3.14,14.06,2.0,0.51,Window
1.5646,12.67,2.23,1.26,74.06,1.8,5.12,2.76,0.31,Container
1.659,14.47,1.37,1.49,67.77,0.46,11.74,2.79,0.57,Window
1.5542,13.94,4.99,1.62,74.84,3.0,5.52,2.59,0.33,Container
1.5878,10.76,2.13,2.0,66.41,4.77,10.49,1.1,0.04,Container
1.5157,11.56,2.26,1.79,67.02,4.24,7.88,0.62,0.27,Container
1.5051,11.24,0.82,2.8,66.84,0.3,8.07,2.54,0.01,Container
1.6925,13.72,3.97,1.74,73.94,0.44,8.53,2.4,0.98,Container
1.6672,10.17,3.47,2.98,71.54,2.42,11.21,0.72,0.97,Container
1.6392,12.85,1.1,2.63,66.52,1.77,8.34,2.82,0.4,Container
1.5818,13.81,0.41,1.02,69.4,1.39,12.33,1.82,0.73,Window
1.5347,14.38,3.4,2.83,71.15,1.69,9.05,2.67,0.35,Container
1.5313,11.71,3.27,0.79,65.83,4.82,5.68,3.35,0.67,Container
1.55,14.11,1.37,2.54,73.82,5.58,12.84,0.68,0.81,Window
1.6098,10.55,4.75,1.45,73.04,2.43,7.86,0.08,0.95,Container
1.6429,14.23,0.76,2.69,70.05,5.44,9.33,3.12,0.4,Container
1.632,10.64,2.16,2.67,74.67,1.93,11.85,2.44,0.78,Container
1.556,11.99,4.72,2.51,69.18,2.86,8.32,2.8,0.27,Container
1.691,13.99,2.1,2.48,74.84,1.36,5.57,3.35,0.99,Container
1.6476,10.75,3.19,1.26,71.68,3.84,8.74,3.21,0.03,Container
1.6109,11.15,1.99,0.7,71.35,5.87,14.44,3.84,0.6,Container
1.6223,13.61,1.37,1.51,66.66,3.62,11.42,2.14,0.66,Window
1.5839,13.6,4.92,0.93,73.82,2.15,11.71,1.95,0.69,Window
1.5495,13.21,2.05,2.24,69.27,3.89,11.32,1.61,0.12,Window
1.5712,13.47,4.47,1.37,66.62,0.74,6.99,0.61,0.94,Container
1.6516,12.71,1.15,2.94,65.13,5.33,9.18,2.29,0.18,Container
1.5029,11.26,1.07,2.1,70.6,3.02,12.51,1.11,0.62,Container
1.5232,11.73,0.16,2.56,70.27,2.7,6.01,3.69,0.22,Container
1.5092,10.91,3.26,0.83,72.19,3.52,7.78,2.33,0.31,Container
1.5081,14.54,1.84,2.66,73.9,3.75,7.76,2.37,0.55,Container
1.6711,12.92,4.32,2.81,65.79,0.43,9.32,1.42,0.42,Container
1.6407,12.0,2.37,1.72,72.31,4.1,14.8,0.21,0.16,Container
1.5948,12.31,4.84,2.02,66.87,1.45,5.68,0.13,0.17,Container
1.5196,14.74,0.93,2.41,73.58,4.28,10.19,1.69,0.42,Window
1.5983,10.77,4.34,0.94,73.19,4.94,6.79,0.34,0.76,Container
1.5947,12.93,3.88,1.76,70.41,4.82,14.71,2.43,0.9,Window
1.5346,12.53,3.85,1.5,72.1,3.32,6.13,3.52,0.08,Container
1.5868,13.06,4.22,0.87,68.14,3.12,9.04,3.53,0.39,Container
1.5797,10.09,3.81,1.42,69.71,0.86,12.38,2.64,0.1,Container
1.6232,14.36,3.13,0.67,73.22,4.65,12.05,0.84,0.02,Window
1.627,14.66,0.66,0.56,69.59,1.63,9.23,3.45,0.66,Container
1.5091,12.83,0.16,0.84,68.58,2.98,8.47,3.54,0.6,Container
1.5749,13.48,4.6,2.91,69.94,1.71,8.98,0.79,0.16,Container
1.6252,14.61,3.08,1.87,73.28,0.8,7.64,2.95,0.23,Container
1.6006,13.54,3.98,2.91,68.35,3.78,7.05,1.15,0.02,Container
1.6713,10.76,2.41,1.58,66.74,0.33,9.83,3.21,0.83,Container
1.6317,12.88,0.59,1.28,72.12,4.49,7.69,3.99,0.97,Container
1.5326,13.03,0.63,1.77,73.26,1.91,7.87,0.12,0.14,Container
1.5141,12.12,3.43,1.6,66.01,0.0,11.57,3.59,0.23,Window
1.6285,13.68,2.15,0.76,67.4,3.07,14.69,2.49,0.87,Window
1.5053,14.67,1.0,2.1,66.42,0.28,11.04,3.89,0.93,Window
1.6172,14.63,2.46,1.04,68.48,1.66,5.77,1.86,0.42,Container
1.688,12.25,0.32,2.05,69.5,4.24,5.76,3.39,0.05,Container
1.6151,10.57,2.91,2.13,72.49,0.38,14.51,0.25,0.04,Container
1.5776,14.92,1.34,0.88,71.51,5.04,7.97,1.34,0.57,Container
1.6287,14.19,3.99,0.65,71.21,0.02,5.92,0.27,0.39,Container
1.5917,10.62,1.55,2.45,68.52,1.48,10.99,3.9,0.03,Container
1.6091,14.6,2.28,1.65,73.41,4.45,11.24,3.27,0.58,Window
1.6883,14.35,0.06,0.65,69.71,1.9,11.49,3.41,0.01,Window
1.5772,12.59,0.36,2.99,74.79,0.61,7.67,3.75,0.79,Container
1.6922,12.96,1.96,0.64,71.34,2.16,5.15,0.34,0.31,Container
1.6811,12.0,2.4,2.24,66.26,1.62,14.65,1.54,0.04,Container
1.5392,10.27,3.0,2.96,71.76,5.06,7.51,0.28,0.59,Container
1.5139,11.68,1.46,1.1,68.25,1.88,11.76,0.84,0.4,Container
1.5202,14.01,3.47,0.86,71.86,4.73,12.07,0.92,0.97,Window
1.5036,10.02,4.3,0.8,65.7,5.35,11.1,1.88,0.54,Container
1.5189,11.67,3.9,1.26,66.75,2.6,8.13,1.07,0.28,Container
1.6366,11.99,0.2,0.75,73.56,5.46,7.71,0.4,0.71,Container
1.5142,12.69,2.4,2.23,67.27,2.26,10.98,0.67,0.27,Window
1.5638,14.6,0.52,0.66,73.37,5.78,13.66,0.59,0.9,Window
1.669,11.73,1.21,1.77,67.79,0.54,14.47,3.89,0.37,Container
1.5047,11.73,4.93,2.99,71.43,4.12,6.06,3.04,0.55,Container
1.6629,13.69,0.71,2.53,71.94,2.96,6.55,3.87,0.05,Container
1.5564,12.26,2.49,2.04,70.13,2.33,14.45,1.76,0.43,Window
1.5236,11.12,3.09,1.27,68.05,3.8,12.37,1.11,0.83,Container
1.6393,12.26,3.51,2.06,67.13,4.22,13.83,3.19,0.81,Window
1.6258,10.7,2.8,1.82,65.33,0.03,7.03,1.31,0.22,Container
1.6755,10.88,0.05,1.57,68.04,1.0,10.88,1.2,0.23,Container
1.647,12.49,1.63,0.83,71.53,4.28,12.01,0.93,0.82,Window
1.6607,12.09,2.59,2.72,74.38,4.0,11.8,0.52,0.93,Window
1.5564,14.57,0.44,1.62,73.71,5.8,9.08,1.03,0.1,Container
1.5355,11.81,1.75,0.99,72.66,4.57,5.15,1.42,0.45,Container
1.6501,12.9,0.17,1.42,72.88,5.7,10.83,2.7,0.34,Window
1.6614,13.16,0.39,1.54,71.65,4.22,7.53,0.25,0.87,Container
1.6981,10.07,1.98,2.57,67.6,1.79,9.5,0.84,0.08,Container
1.5825,13.32,0.66,2.33,74.07,0.63,14.58,3.24,0.21,Window
1.5744,10.89,2.84,2.42,71.71,4.69,8.99,0.59,0.75,Container
1.6553,14.81,3.45,0.53,70.6,3.86,13.4,1.37,0.05,Window
1.5682,10.74,4.0,1.54,66.11,0.29,6.89,3.46,0.49,Container
1.6862,12.07,1.0,1.7,69.47,2.16,11.72,0.62,0.44,Window
1.6717,10.43,0.84,0.55,69.6,5.74,14.77,0.33,0.33,Container
1.5858,14.98,0.52,1.15,73.65,3.0,6.02,1.94,0.39,Container
1.6502,12.51,3.18,2.4,70.47,2.6,5.08,1.21,0.53,Container
1.6509,12.98,3.53,0.84,68.8,2.75,9.34,2.25,0.16,Container
1.5206,10.34,0.16,1.84,74.77,1.25,5.93,3.22,0.57,Container
1.6805,13.75,4.68,1.04,66.11,2.21,12.48,0.55,0.81,Window
1.6011,11.05,0.26,0.53,69.23,2.22,14.15,2.32,0.76,Container
1.6653,14.49,2.71,1.1,65.42,0.31,9.34,2.02,0.15,Container
1.564,11.03,3.55,2.94,72.4,4.61,7.59,0.58,0.15,Container
1.6791,10.95,4.35,2.5,74.18,2.5,9.34,2.5,0.27,Container
1.5778,10.18,3.57,2.9,67.8,4.93,12.23,1.09,0.36,Container
1.5022,12.36,4.01,1.72,73.58,5.1,5.09,1.95,0.41,Container
1.6811,12.82,1.7,0.77,67.92,1.27,10.89,0.33,0.68,Window
1.5183,10.33,4.07,1.87,74.11,3.94,11.13,1.84,0.06,Container
1.5639,13.88,0.4,1.64,72.54,2.83,11.38,1.23,0.03,Window
1.69,12.27,4.47,2.61,73.05,5.28,7.42,3.29,0.39,Container
1.6901,12.62,2.74,0.75,65.18,1.29,12.14,0.23,0.7,Window
1.6147,12.2,4.09,1.72,74.63,4.07,5.91,1.67,0.19,Container
1.6264,12.0,2.26,0.88,72.27,3.65,6.99,1.83,0.64,Container
1.5897,12.8,3.22,1.31,68.05,1.77,13.77,2.9,0.26,Window
1.5586,10.78,2.63,2.34,73.29,0.82,12.39,2.3,0.89,Container
1.5657,10.91,3.66,1.69,67.82,3.91,5.14,2.67,0.9,Container
1.6345,14.31,0.41,1.44,73.73,4.43,7.48,3.11,0.3,Container
1.6505,14.73,0.3,1.49,66.13,1.89,7.14,3.45,0.23,Container
1.6583,11.87,1.24,1.65,72.04,3.87,7.71,1.26,0.41,Container
1.6579,11.35,0.8,2.46,70.41,2.37,7.48,2.15,0.24,Container
1.5182,13.22,4.36,2.73,65.97,4.28,5.63,3.36,0.67,Container
1.5989,12.04,1.1,2.89,67.42,1.2,9.59,3.96,0.83,Container
1.5115,10.13,4.88,2.47,65.12,5.34,12.33,3.56,0.67,Container
1.6099,10.78,1.68,1.29,69.69,1.72,11.07,1.49,0.82,Container
1.5883,13.58,0.91,2.22,68.01,2.21,11.73,0.78,0.4,Window
1.6775,13.29,3.95,1.59,70.98,0.35,5.81,1.96,0.16,Container
1.5702,10.14,3.29,1.14,67.97,0.67,14.51,2.97,0.74,Container
1.5234,11.11,2.49,2.6,68.0,3.1,13.38,1.97,0.36,Container
1.5286,11.16,2.78,0.6,72.43,1.61,13.05,1.93,0.67,Container
1.6523,13.36,3.6,2.75,65.48,5.01,13.23,3.35,0.27,Window
1.6236,10.1,1.14,1.65,74.03,0.09,14.33,1.45,0.08,Container
1.5202,10.52,4.98,2.09,73.52,2.27,10.44,3.44,0.99,Container
1.5168,14.0,4.87,2.15,71.68,2.02,7.0,1.63,0.16,Container
1.6402,10.89,3.25,2.74,70.93,0.12,11.17,1.31,0.99,Container
1.5146,13.26,1.0,2.09,73.92,0.75,12.43,1.82,0.98,Window
1.6644,11.19,3.4,2.03,66.85,2.48,12.38,3.05,0.79,Container
1.6412,10.5,0.36,0.67,65.79,2.96,10.21,0.5,0.66,Container
1.5163,11.22,0.15,1.8,67.4,2.43,5.68,0.79,0.58,Container
1.517,13.61,1.29,0.88,72.95,3.19,8.71,3.81,0.87,Container
1.6973,14.28,2.31,2.34,65.35,3.57,14.21,0.7,0.29,Window
1.5749,14.15,4.34,1.78,70.83,0.06,10.84,2.27,0.47,Window
1.5741,11.99,3.64,2.2,74.95,2.78,10.38,2.32,0.62,Container
1.6626,13.34,3.71,0.6,73.56,5.78,7.69,1.96,0.41,Container
1.6894,11.02,2.13,0.71,70.21,3.11,8.68,2.58,0.43,Container
1.6972,11.47,1.73,2.29,65.64,4.07,13.95,0.92,0.33,Container
1.6507,14.48,1.86,0.68,73.31,1.87,11.66,2.21,0.56,Window
1.5753,10.07,4.94,0.68,70.99,4.64,12.87,1.49,0.85,Container
1.5167,10.43,0.2,0.53,66.15,4.64,9.54,2.65,0.2,Container
